name,omegaRefPu,terminal_V_re,terminal_V_im,extra
BESScbWeccCurrentSource,BESScb_omegaRefPu,BESScb_terminal_V_re,BESScb_terminal_V_im,
GeneratorSynchronousFourWindings,generator_omegaRefPu_value,generator_terminal_V_re,generator_terminal_V_im,
GeneratorSynchronousFourWindingsGGov2EsSt4bPss2a,generator_omegaRefPu_value,generator_terminal_V_re,generator_terminal_V_im,
GeneratorSynchronousFourWindingsGGov2EsSt4bPss2aTfo,generator_omegaRefPu_value,generator_terminal_V_re,generator_terminal_V_im,
GeneratorSynchronousFourWindingsGGov2St1aPss2a,generator_omegaRefPu_value,generator_terminal_V_re,generator_terminal_V_im,
GeneratorSynchronousFourWindingsGGov2St1aPss2aTfo,generator_omegaRefPu_value,generator_terminal_V_re,generator_terminal_V_im,
GeneratorSynchronousFourWindingsGastEsSt4bPss2a,generator_omegaRefPu_value,generator_terminal_V_re,generator_terminal_V_im,
GeneratorSynchronousFourWindingsGastEsSt4bPss2aTfo,generator_omegaRefPu_value,generator_terminal_V_re,generator_terminal_V_im,
GeneratorSynchronousFourWindingsGovCt2St4b,generator_omegaRefPu_value,generator_terminal_V_re,generator_terminal_V_im,
GeneratorSynchronousFourWindingsGovSteam1St4b,generator_omegaRefPu_value,generator_terminal_V_re,generator_terminal_V_im,
GeneratorSynchronousFourWindingsGovSteam1St4bPss2b,generator_omegaRefPu_value,generator_terminal_V_re,generator_terminal_V_im,
GeneratorSynchronousFourWindingsGovSteamEuSt4b,generator_omegaRefPu_value,generator_terminal_V_re,generator_terminal_V_im,
GeneratorSynchronousFourWindingsGoverCc1VREsst4,generator_omegaRefPu_value,generator_terminal_V_re,generator_terminal_V_im,
GeneratorSynchronousFourWindingsGoverCc1VREsst4AuxTfo,generator_omegaRefPu_value,generator_terminal_V_re,generator_terminal_V_im,
GeneratorSynchronousFourWindingsGoverCc1VREsst4Tfo,generator_omegaRefPu_value,generator_terminal_V_re,generator_terminal_V_im,
GeneratorSynchronousFourWindingsGoverCc2VREsst4,generator_omegaRefPu_value,generator_terminal_V_re,generator_terminal_V_im,
GeneratorSynchronousFourWindingsGoverCc2VREsst4AuxTfo,generator_omegaRefPu_value,generator_terminal_V_re,generator_terminal_V_im,
GeneratorSynchronousFourWindingsGoverCc2VREsst4Tfo,generator_omegaRefPu_value,generator_terminal_V_re,generator_terminal_V_im,
GeneratorSynchronousFourWindingsGoverChVRCh,generator_omegaRefPu_value,generator_terminal_V_re,generator_terminal_V_im,
GeneratorSynchronousFourWindingsGoverChVRChTfo,generator_omegaRefPu_value,generator_terminal_V_re,generator_terminal_V_im,
GeneratorSynchronousFourWindingsGoverChVRUnitrolChPss2a,generator_omegaRefPu_value,generator_terminal_V_re,generator_terminal_V_im,
GeneratorSynchronousFourWindingsGoverChVRUnitrolChPss2aTfo,generator_omegaRefPu_value,generator_terminal_V_re,generator_terminal_V_im,
GeneratorSynchronousFourWindingsGoverDescVRDedc2,generator_omegaRefPu_value,generator_terminal_V_re,generator_terminal_V_im,
GeneratorSynchronousFourWindingsGoverDescVRDedc2PssGermany,generator_omegaRefPu_value,generator_terminal_V_re,generator_terminal_V_im,
GeneratorSynchronousFourWindingsGoverDescVRDedc2PssGermanyTfo,generator_omegaRefPu_value,generator_terminal_V_re,generator_terminal_V_im,
GeneratorSynchronousFourWindingsGoverDescVRDedc2Tfo,generator_omegaRefPu_value,generator_terminal_V_re,generator_terminal_V_im,
GeneratorSynchronousFourWindingsGoverDescVRDest1Pss1aPGen,generator_omegaRefPu_value,generator_terminal_V_re,generator_terminal_V_im,
GeneratorSynchronousFourWindingsGoverDescVRDest1Pss1aPGenTfo,generator_omegaRefPu_value,generator_terminal_V_re,generator_terminal_V_im,
GeneratorSynchronousFourWindingsGoverDescVRDest1PssGermany2,generator_omegaRefPu_value,generator_terminal_V_re,generator_terminal_V_im,
GeneratorSynchronousFourWindingsGoverDescVRDest1PssGermany2Tfo,generator_omegaRefPu_value,generator_terminal_V_re,generator_terminal_V_im,
GeneratorSynchronousFourWindingsGoverDk6GtVRDk6,generator_omegaRefPu_value,generator_terminal_V_re,generator_terminal_V_im,
GeneratorSynchronousFourWindingsGoverDk6GtVRDk6AuxTfo,generator_omegaRefPu_value,generator_terminal_V_re,generator_terminal_V_im,
GeneratorSynchronousFourWindingsGoverDk6GtVRDk6Tfo,generator_omegaRefPu_value,generator_terminal_V_re,generator_terminal_V_im,
GeneratorSynchronousFourWindingsGoverDk6StVRDk6,generator_omegaRefPu_value,generator_terminal_V_re,generator_terminal_V_im,
GeneratorSynchronousFourWindingsGoverDk6StVRDk6AuxTfo,generator_omegaRefPu_value,generator_terminal_V_re,generator_terminal_V_im,
GeneratorSynchronousFourWindingsGoverDk6StVRDk6Tfo,generator_omegaRefPu_value,generator_terminal_V_re,generator_terminal_V_im,
GeneratorSynchronousFourWindingsGoverDynDBandVRP320,generator_omegaRefPu_value,generator_terminal_V_re,generator_terminal_V_im,
GeneratorSynchronousFourWindingsGoverDynDBandVRP320AuxTfo,generator_omegaRefPu_value,generator_terminal_V_re,generator_terminal_V_im,
GeneratorSynchronousFourWindingsGoverDynDBandVRP320Tfo,generator_omegaRefPu_value,generator_terminal_V_re,generator_terminal_V_im,
GeneratorSynchronousFourWindingsGoverEdfTur1eVR4Edf1,generator_omegaRefPu_value,generator_terminal_V_re,generator_terminal_V_im,
GeneratorSynchronousFourWindingsGoverEdfTur1eVR4Edf1AuxTfo,generator_omegaRefPu_value,generator_terminal_V_re,generator_terminal_V_im,
GeneratorSynchronousFourWindingsGoverEdfTur1eVR4Edf1RpclContTfoAux,generator_omegaRefPu_value,generator_terminal_V_re,generator_terminal_V_im,reactivePowerControlLoop_QMax|reactivePowerControlLoop_QMin|reactivePowerControlLoop_QOffSet|reactivePowerControlLoop_QRefManualPu|reactivePowerControlLoop_level
GeneratorSynchronousFourWindingsGoverEdfTur1eVR4Edf1RpclDispaTfoAux,generator_omegaRefPu_value,generator_terminal_V_re,generator_terminal_V_im,reactivePowerControlLoop_QMax|reactivePowerControlLoop_QMin|reactivePowerControlLoop_QOffSet|reactivePowerControlLoop_QRefManualPu|reactivePowerControlLoop_level
GeneratorSynchronousFourWindingsGoverEdfTur1eVR4Edf1RpclNonLinTfoAux,generator_omegaRefPu_value,generator_terminal_V_re,generator_terminal_V_im,reactivePowerControlLoop_QMax|reactivePowerControlLoop_QMin|reactivePowerControlLoop_QOffSet|reactivePowerControlLoop_QRefManualPu|reactivePowerControlLoop_level
GeneratorSynchronousFourWindingsGoverEdfTur1eVR4Edf1Tfo,generator_omegaRefPu_value,generator_terminal_V_re,generator_terminal_V_im,
GeneratorSynchronousFourWindingsGoverEdfTur1eVRJiren,generator_omegaRefPu_value,generator_terminal_V_re,generator_terminal_V_im,
GeneratorSynchronousFourWindingsGoverEdfTur1eVRJirenAuxTfo,generator_omegaRefPu_value,generator_terminal_V_re,generator_terminal_V_im,
GeneratorSynchronousFourWindingsGoverEdfTur1eVRJirenTfo,generator_omegaRefPu_value,generator_terminal_V_re,generator_terminal_V_im,
GeneratorSynchronousFourWindingsGoverEdfTur2eVR4Edf1,generator_omegaRefPu_value,generator_terminal_V_re,generator_terminal_V_im,
GeneratorSynchronousFourWindingsGoverEdfTur2eVR4Edf1AuxTfo,generator_omegaRefPu_value,generator_terminal_V_re,generator_terminal_V_im,
GeneratorSynchronousFourWindingsGoverEdfTur2eVR4Edf1Tfo,generator_omegaRefPu_value,generator_terminal_V_re,generator_terminal_V_im,
GeneratorSynchronousFourWindingsGoverEdfTur2eVRAlst,generator_omegaRefPu_value,generator_terminal_V_re,generator_terminal_V_im,
GeneratorSynchronousFourWindingsGoverEdfTur2eVRAlstAuxTfo,generator_omegaRefPu_value,generator_terminal_V_re,generator_terminal_V_im,
GeneratorSynchronousFourWindingsGoverEdfTur2eVRAlstTfo,generator_omegaRefPu_value,generator_terminal_V_re,generator_terminal_V_im,
GeneratorSynchronousFourWindingsGoverEdfTur3cVR4Alst,generator_omegaRefPu_value,generator_terminal_V_re,generator_terminal_V_im,
GeneratorSynchronousFourWindingsGoverEdfTur3cVR4AlstAuxTfo,generator_omegaRefPu_value,generator_terminal_V_re,generator_terminal_V_im,
GeneratorSynchronousFourWindingsGoverEdfTur3cVR4AlstTfo,generator_omegaRefPu_value,generator_terminal_V_re,generator_terminal_V_im,
GeneratorSynchronousFourWindingsGoverEdfTur3cVRHuchet,generator_omegaRefPu_value,generator_terminal_V_re,generator_terminal_V_im,
GeneratorSynchronousFourWindingsGoverEdfTur3cVRHuchetAuxTfo,generator_omegaRefPu_value,generator_terminal_V_re,generator_terminal_V_im,
GeneratorSynchronousFourWindingsGoverEdfTur3cVRHuchetTfo,generator_omegaRefPu_value,generator_terminal_V_re,generator_terminal_V_im,
GeneratorSynchronousFourWindingsGoverEdfTur4eVR4Edf1,generator_omegaRefPu_value,generator_terminal_V_re,generator_terminal_V_im,
GeneratorSynchronousFourWindingsGoverEdfTur4eVR4Edf1AuxTfo,generator_omegaRefPu_value,generator_terminal_V_re,generator_terminal_V_im,
GeneratorSynchronousFourWindingsGoverEdfTur4eVR4Edf1Tfo,generator_omegaRefPu_value,generator_terminal_V_re,generator_terminal_V_im,
GeneratorSynchronousFourWindingsGoverEdfTur5eVR4Edf1,generator_omegaRefPu_value,generator_terminal_V_re,generator_terminal_V_im,
GeneratorSynchronousFourWindingsGoverEdfTur5eVR4Edf1AuxTfo,generator_omegaRefPu_value,generator_terminal_V_re,generator_terminal_V_im,
GeneratorSynchronousFourWindingsGoverEdfTur5eVR4Edf1Tfo,generator_omegaRefPu_value,generator_terminal_V_re,generator_terminal_V_im,
GeneratorSynchronousFourWindingsGoverEdfTur6eVR4Edf1,generator_omegaRefPu_value,generator_terminal_V_re,generator_terminal_V_im,
GeneratorSynchronousFourWindingsGoverEdfTur6eVR4Edf1AuxTfo,generator_omegaRefPu_value,generator_terminal_V_re,generator_terminal_V_im,
GeneratorSynchronousFourWindingsGoverEdfTur6eVR4Edf1Tfo,generator_omegaRefPu_value,generator_terminal_V_re,generator_terminal_V_im,
GeneratorSynchronousFourWindingsGoverEdfTurHcVRHydrH,generator_omegaRefPu_value,generator_terminal_V_re,generator_terminal_V_im,
GeneratorSynchronousFourWindingsGoverEdfTurHcVRHydrHAuxTfo,generator_omegaRefPu_value,generator_terminal_V_re,generator_terminal_V_im,
GeneratorSynchronousFourWindingsGoverEdfTurHcVRHydrHTfo,generator_omegaRefPu_value,generator_terminal_V_re,generator_terminal_V_im,
GeneratorSynchronousFourWindingsGoverEdfTurHcVRPssGt,generator_omegaRefPu_value,generator_terminal_V_re,generator_terminal_V_im,
GeneratorSynchronousFourWindingsGoverEdfTurHcVRPssGtAuxTfo,generator_omegaRefPu_value,generator_terminal_V_re,generator_terminal_V_im,
GeneratorSynchronousFourWindingsGoverEdfTurHcVRPssGtTfo,generator_omegaRefPu_value,generator_terminal_V_re,generator_terminal_V_im,
GeneratorSynchronousFourWindingsGoverEprVRAlst,generator_omegaRefPu_value,generator_terminal_V_re,generator_terminal_V_im,
GeneratorSynchronousFourWindingsGoverEprVRAlstTfo,generator_omegaRefPu_value,generator_terminal_V_re,generator_terminal_V_im,
GeneratorSynchronousFourWindingsGoverEprVREpr,generator_omegaRefPu_value,generator_terminal_V_re,generator_terminal_V_im,
GeneratorSynchronousFourWindingsGoverEprVREprTfo,generator_omegaRefPu_value,generator_terminal_V_re,generator_terminal_V_im,
GeneratorSynchronousFourWindingsGoverGt1VRSemipol2,generator_omegaRefPu_value,generator_terminal_V_re,generator_terminal_V_im,
GeneratorSynchronousFourWindingsGoverGt1VRSemipol2AuxTfo,generator_omegaRefPu_value,generator_terminal_V_re,generator_terminal_V_im,
GeneratorSynchronousFourWindingsGoverGt1VRSemipol2Tfo,generator_omegaRefPu_value,generator_terminal_V_re,generator_terminal_V_im,
GeneratorSynchronousFourWindingsGoverGt2VRSemipol2,generator_omegaRefPu_value,generator_terminal_V_re,generator_terminal_V_im,
GeneratorSynchronousFourWindingsGoverGt2VRSemipol2AuxTfo,generator_omegaRefPu_value,generator_terminal_V_re,generator_terminal_V_im,
GeneratorSynchronousFourWindingsGoverGt2VRSemipol2Tfo,generator_omegaRefPu_value,generator_terminal_V_re,generator_terminal_V_im,
GeneratorSynchronousFourWindingsGoverItalyThVRItalyPssItaly,generator_omegaRefPu_value,generator_terminal_V_re,generator_terminal_V_im,
GeneratorSynchronousFourWindingsGoverItalyThVRItalyPssItalyTfo,generator_omegaRefPu_value,generator_terminal_V_re,generator_terminal_V_im,
GeneratorSynchronousFourWindingsGoverPl2VRPl2,generator_omegaRefPu_value,generator_terminal_V_re,generator_terminal_V_im,
GeneratorSynchronousFourWindingsGoverPl2VRPl2AuxTfo,generator_omegaRefPu_value,generator_terminal_V_re,generator_terminal_V_im,
GeneratorSynchronousFourWindingsGoverPl2VRPl2Tfo,generator_omegaRefPu_value,generator_terminal_V_re,generator_terminal_V_im,
GeneratorSynchronousFourWindingsGoverPropVRPropInt,generator_omegaRefPu_value,generator_terminal_V_re,generator_terminal_V_im,
GeneratorSynchronousFourWindingsGoverPropVRPropIntAuxUva,generator_omegaRefPu_value,generator_terminal_V_re,generator_terminal_V_im,underVoltageAutomaton_UMonitoredPu
GeneratorSynchronousFourWindingsGoverPropVRPropIntQlimAuxUva,generator_omegaRefPu_value,generator_terminal_V_re,generator_terminal_V_im,underVoltageAutomaton_UMonitoredPu
GeneratorSynchronousFourWindingsGoverPropVRPropIntQlimRpcl2AuxUva,generator_omegaRefPu_value,generator_terminal_V_re,generator_terminal_V_im,reactivePowerControlLoop_areaActive_value|reactivePowerControlLoop_groupParticipating_value|reactivePowerControlLoop_levelK_value|reactivePowerControlLoop_levelKValid_value|underVoltageAutomaton_UMonitoredPu
GeneratorSynchronousFourWindingsGoverPropVRPropIntQlimRpcl2TfoAuxUva,generator_omegaRefPu_value,generator_terminal_V_re,generator_terminal_V_im,reactivePowerControlLoop_areaActive_value|reactivePowerControlLoop_groupParticipating_value|reactivePowerControlLoop_levelK_value|reactivePowerControlLoop_levelKValid_value
GeneratorSynchronousFourWindingsGoverPropVRPropIntQlimRpcl2TfoUva,generator_omegaRefPu_value,generator_terminal_V_re,generator_terminal_V_im,reactivePowerControlLoop_areaActive_value|reactivePowerControlLoop_groupParticipating_value|reactivePowerControlLoop_levelK_value|reactivePowerControlLoop_levelKValid_value
GeneratorSynchronousFourWindingsGoverPropVRPropIntQlimRpcl2Uva,generator_omegaRefPu_value,generator_terminal_V_re,generator_terminal_V_im,reactivePowerControlLoop_areaActive_value|reactivePowerControlLoop_groupParticipating_value|reactivePowerControlLoop_levelK_value|reactivePowerControlLoop_levelKValid_value|underVoltageAutomaton_UMonitoredPu
GeneratorSynchronousFourWindingsGoverPropVRPropIntQlimRpclAuxUva,generator_omegaRefPu_value,generator_terminal_V_re,generator_terminal_V_im,reactivePowerControlLoop_areaActive_value|reactivePowerControlLoop_groupParticipating_value|reactivePowerControlLoop_levelK_value|reactivePowerControlLoop_levelKValid_value|underVoltageAutomaton_UMonitoredPu
GeneratorSynchronousFourWindingsGoverPropVRPropIntQlimRpclTfoAuxUva,generator_omegaRefPu_value,generator_terminal_V_re,generator_terminal_V_im,reactivePowerControlLoop_areaActive_value|reactivePowerControlLoop_groupParticipating_value|reactivePowerControlLoop_levelK_value|reactivePowerControlLoop_levelKValid_value
GeneratorSynchronousFourWindingsGoverPropVRPropIntQlimRpclTfoUva,generator_omegaRefPu_value,generator_terminal_V_re,generator_terminal_V_im,reactivePowerControlLoop_areaActive_value|reactivePowerControlLoop_groupParticipating_value|reactivePowerControlLoop_levelK_value|reactivePowerControlLoop_levelKValid_value
GeneratorSynchronousFourWindingsGoverPropVRPropIntQlimRpclUva,generator_omegaRefPu_value,generator_terminal_V_re,generator_terminal_V_im,reactivePowerControlLoop_areaActive_value|reactivePowerControlLoop_groupParticipating_value|reactivePowerControlLoop_levelK_value|reactivePowerControlLoop_levelKValid_value|underVoltageAutomaton_UMonitoredPu
GeneratorSynchronousFourWindingsGoverPropVRPropIntQlimTfoAuxUva,generator_omegaRefPu_value,generator_terminal_V_re,generator_terminal_V_im,
GeneratorSynchronousFourWindingsGoverPropVRPropIntQlimTfoUva,generator_omegaRefPu_value,generator_terminal_V_re,generator_terminal_V_im,
GeneratorSynchronousFourWindingsGoverPropVRPropIntQlimUva,generator_omegaRefPu_value,generator_terminal_V_re,generator_terminal_V_im,underVoltageAutomaton_UMonitoredPu
GeneratorSynchronousFourWindingsGoverPropVRPropIntRpcl2AuxUva,generator_omegaRefPu_value,generator_terminal_V_re,generator_terminal_V_im,reactivePowerControlLoop_areaActive_value|reactivePowerControlLoop_groupParticipating_value|reactivePowerControlLoop_levelK_value|reactivePowerControlLoop_levelKValid_value|underVoltageAutomaton_UMonitoredPu
GeneratorSynchronousFourWindingsGoverPropVRPropIntRpcl2TfoAuxUva,generator_omegaRefPu_value,generator_terminal_V_re,generator_terminal_V_im,reactivePowerControlLoop_areaActive_value|reactivePowerControlLoop_groupParticipating_value|reactivePowerControlLoop_levelK_value|reactivePowerControlLoop_levelKValid_value
GeneratorSynchronousFourWindingsGoverPropVRPropIntRpcl2TfoUva,generator_omegaRefPu_value,generator_terminal_V_re,generator_terminal_V_im,reactivePowerControlLoop_areaActive_value|reactivePowerControlLoop_groupParticipating_value|reactivePowerControlLoop_levelK_value|reactivePowerControlLoop_levelKValid_value
GeneratorSynchronousFourWindingsGoverPropVRPropIntRpcl2Uva,generator_omegaRefPu_value,generator_terminal_V_re,generator_terminal_V_im,reactivePowerControlLoop_areaActive_value|reactivePowerControlLoop_groupParticipating_value|reactivePowerControlLoop_levelK_value|reactivePowerControlLoop_levelKValid_value|underVoltageAutomaton_UMonitoredPu
GeneratorSynchronousFourWindingsGoverPropVRPropIntRpclAuxUva,generator_omegaRefPu_value,generator_terminal_V_re,generator_terminal_V_im,reactivePowerControlLoop_areaActive_value|reactivePowerControlLoop_groupParticipating_value|reactivePowerControlLoop_levelK_value|reactivePowerControlLoop_levelKValid_value|underVoltageAutomaton_UMonitoredPu
GeneratorSynchronousFourWindingsGoverPropVRPropIntRpclTfoAuxUva,generator_omegaRefPu_value,generator_terminal_V_re,generator_terminal_V_im,reactivePowerControlLoop_areaActive_value|reactivePowerControlLoop_groupParticipating_value|reactivePowerControlLoop_levelK_value|reactivePowerControlLoop_levelKValid_value
GeneratorSynchronousFourWindingsGoverPropVRPropIntRpclTfoUva,generator_omegaRefPu_value,generator_terminal_V_re,generator_terminal_V_im,reactivePowerControlLoop_areaActive_value|reactivePowerControlLoop_groupParticipating_value|reactivePowerControlLoop_levelK_value|reactivePowerControlLoop_levelKValid_value
GeneratorSynchronousFourWindingsGoverPropVRPropIntRpclUva,generator_omegaRefPu_value,generator_terminal_V_re,generator_terminal_V_im,reactivePowerControlLoop_areaActive_value|reactivePowerControlLoop_groupParticipating_value|reactivePowerControlLoop_levelK_value|reactivePowerControlLoop_levelKValid_value|underVoltageAutomaton_UMonitoredPu
GeneratorSynchronousFourWindingsGoverPropVRPropIntTfoAuxUva,generator_omegaRefPu_value,generator_terminal_V_re,generator_terminal_V_im,
GeneratorSynchronousFourWindingsGoverPropVRPropIntTfoUva,generator_omegaRefPu_value,generator_terminal_V_re,generator_terminal_V_im,
GeneratorSynchronousFourWindingsGoverPropVRPropIntUva,generator_omegaRefPu_value,generator_terminal_V_re,generator_terminal_V_im,underVoltageAutomaton_UMonitoredPu
GeneratorSynchronousFourWindingsGoverSiemVRSt6Sie2,generator_omegaRefPu_value,generator_terminal_V_re,generator_terminal_V_im,
GeneratorSynchronousFourWindingsGoverSiemVRSt6Sie2AuxTfo,generator_omegaRefPu_value,generator_terminal_V_re,generator_terminal_V_im,
GeneratorSynchronousFourWindingsGoverSiemVRSt6Sie2Tfo,generator_omegaRefPu_value,generator_terminal_V_re,generator_terminal_V_im,
GeneratorSynchronousFourWindingsGoverSiemVRSt6Sie3,generator_omegaRefPu_value,generator_terminal_V_re,generator_terminal_V_im,
GeneratorSynchronousFourWindingsGoverSiemVRSt6Sie3AuxTfo,generator_omegaRefPu_value,generator_terminal_V_re,generator_terminal_V_im,
GeneratorSynchronousFourWindingsGoverSiemVRSt6Sie3Tfo,generator_omegaRefPu_value,generator_terminal_V_re,generator_terminal_V_im,
GeneratorSynchronousFourWindingsGoverSiemVRSt6Siem,generator_omegaRefPu_value,generator_terminal_V_re,generator_terminal_V_im,
GeneratorSynchronousFourWindingsGoverSiemVRSt6SiemAuxTfo,generator_omegaRefPu_value,generator_terminal_V_re,generator_terminal_V_im,
GeneratorSynchronousFourWindingsGoverSiemVRSt6SiemTfo,generator_omegaRefPu_value,generator_terminal_V_re,generator_terminal_V_im,
GeneratorSynchronousFourWindingsGoverSt1VRUnitrol,generator_omegaRefPu_value,generator_terminal_V_re,generator_terminal_V_im,
GeneratorSynchronousFourWindingsGoverSt1VRUnitrolAuxTfo,generator_omegaRefPu_value,generator_terminal_V_re,generator_terminal_V_im,
GeneratorSynchronousFourWindingsGoverSt1VRUnitrolTfo,generator_omegaRefPu_value,generator_terminal_V_re,generator_terminal_V_im,
GeneratorSynchronousFourWindingsIEEEG1Ac1a,generator_omegaRefPu_value,generator_terminal_V_re,generator_terminal_V_im,
GeneratorSynchronousFourWindingsIEEEG1Ac1aTfo,generator_omegaRefPu_value,generator_terminal_V_re,generator_terminal_V_im,
GeneratorSynchronousFourWindingsIEEEG1Dc1a,generator_omegaRefPu_value,generator_terminal_V_re,generator_terminal_V_im,
GeneratorSynchronousFourWindingsIEEEG1Dc1aTfo,generator_omegaRefPu_value,generator_terminal_V_re,generator_terminal_V_im,
GeneratorSynchronousFourWindingsIEEEG1IEEEX2PssTri,generator_omegaRefPu_value,generator_terminal_V_re,generator_terminal_V_im,
GeneratorSynchronousFourWindingsIEEEG1IEEEX2PssTriTfo,generator_omegaRefPu_value,generator_terminal_V_re,generator_terminal_V_im,
GeneratorSynchronousFourWindingsIEEEG1IEEX2A,generator_omegaRefPu_value,generator_terminal_V_re,generator_terminal_V_im,
GeneratorSynchronousFourWindingsIEEEG1IEEX2ATfo,generator_omegaRefPu_value,generator_terminal_V_re,generator_terminal_V_im,
GeneratorSynchronousFourWindingsInternalParameters,generator_omegaRefPu_value,generator_terminal_V_re,generator_terminal_V_im,
GeneratorSynchronousFourWindingsPmConstAc6aPss3b,generator_omegaRefPu_value,generator_terminal_V_re,generator_terminal_V_im,
GeneratorSynchronousFourWindingsPmConstAc7bPss3b,generator_omegaRefPu_value,generator_terminal_V_re,generator_terminal_V_im,
GeneratorSynchronousFourWindingsPmConstAc7cPss2c,generator_omegaRefPu_value,generator_terminal_V_re,generator_terminal_V_im,
GeneratorSynchronousFourWindingsPmConstAc8b,generator_omegaRefPu_value,generator_terminal_V_re,generator_terminal_V_im,
GeneratorSynchronousFourWindingsPmConstAc8bPss3b,generator_omegaRefPu_value,generator_terminal_V_re,generator_terminal_V_im,
GeneratorSynchronousFourWindingsPmConstDc1a,generator_omegaRefPu_value,generator_terminal_V_re,generator_terminal_V_im,
GeneratorSynchronousFourWindingsPmConstDc1aTfo,generator_omegaRefPu_value,generator_terminal_V_re,generator_terminal_V_im,
GeneratorSynchronousFourWindingsPmConstEsSt4bPss2a,generator_omegaRefPu_value,generator_terminal_V_re,generator_terminal_V_im,
GeneratorSynchronousFourWindingsPmConstEsSt4bPss2aTfo,generator_omegaRefPu_value,generator_terminal_V_re,generator_terminal_V_im,
GeneratorSynchronousFourWindingsPmConstIEEEX2,generator_omegaRefPu_value,generator_terminal_V_re,generator_terminal_V_im,
GeneratorSynchronousFourWindingsPmConstIEEEX2Tfo,generator_omegaRefPu_value,generator_terminal_V_re,generator_terminal_V_im,
GeneratorSynchronousFourWindingsPmConstIEEX2A,generator_omegaRefPu_value,generator_terminal_V_re,generator_terminal_V_im,
GeneratorSynchronousFourWindingsPmConstIEEX2ATfo,generator_omegaRefPu_value,generator_terminal_V_re,generator_terminal_V_im,
GeneratorSynchronousFourWindingsPmConstSt5bPss2b,generator_omegaRefPu_value,generator_terminal_V_re,generator_terminal_V_im,
GeneratorSynchronousFourWindingsPmConstSt5cPss2bScl1c,generator_omegaRefPu_value,generator_terminal_V_re,generator_terminal_V_im,
GeneratorSynchronousFourWindingsPmConstSt5cPss2bScl2c,generator_omegaRefPu_value,generator_terminal_V_re,generator_terminal_V_im,
GeneratorSynchronousFourWindingsPmConstSt6bPss3b,generator_omegaRefPu_value,generator_terminal_V_re,generator_terminal_V_im,
GeneratorSynchronousFourWindingsPmConstSt6cPss6c,generator_omegaRefPu_value,generator_terminal_V_re,generator_terminal_V_im,
GeneratorSynchronousFourWindingsPmConstSt6cPss6cOel2c,generator_omegaRefPu_value,generator_terminal_V_re,generator_terminal_V_im,
GeneratorSynchronousFourWindingsPmConstSt6cPss6cOel3c,generator_omegaRefPu_value,generator_terminal_V_re,generator_terminal_V_im,
GeneratorSynchronousFourWindingsPmConstSt6cPss6cOel4c,generator_omegaRefPu_value,generator_terminal_V_re,generator_terminal_V_im,
GeneratorSynchronousFourWindingsPmConstSt6cPss6cOel5c,generator_omegaRefPu_value,generator_terminal_V_re,generator_terminal_V_im,
GeneratorSynchronousFourWindingsPmConstSt7bPss2a,generator_omegaRefPu_value,generator_terminal_V_re,generator_terminal_V_im,
GeneratorSynchronousFourWindingsPmConstSt7bPss2aUel1,generator_omegaRefPu_value,generator_terminal_V_re,generator_terminal_V_im,
GeneratorSynchronousFourWindingsPmConstSt7bPss2aUel2c,generator_omegaRefPu_value,generator_terminal_V_re,generator_terminal_V_im,
GeneratorSynchronousFourWindingsPmConstSt9cPss2c,generator_omegaRefPu_value,generator_terminal_V_re,generator_terminal_V_im,
GeneratorSynchronousFourWindingsPmConstVRCh,generator_omegaRefPu_value,generator_terminal_V_re,generator_terminal_V_im,
GeneratorSynchronousFourWindingsPmConstVRChTfo,generator_omegaRefPu_value,generator_terminal_V_re,generator_terminal_V_im,
GeneratorSynchronousFourWindingsPmConstVRDedc2PssGermany,generator_omegaRefPu_value,generator_terminal_V_re,generator_terminal_V_im,
GeneratorSynchronousFourWindingsPmConstVRDedc2PssGermanyTfo,generator_omegaRefPu_value,generator_terminal_V_re,generator_terminal_V_im,
GeneratorSynchronousFourWindingsPmConstVRDest1Pss1aPGen,generator_omegaRefPu_value,generator_terminal_V_re,generator_terminal_V_im,
GeneratorSynchronousFourWindingsPmConstVRDest1Pss1aPGenTfo,generator_omegaRefPu_value,generator_terminal_V_re,generator_terminal_V_im,
GeneratorSynchronousFourWindingsPmConstVRItalyPssItaly,generator_omegaRefPu_value,generator_terminal_V_re,generator_terminal_V_im,
GeneratorSynchronousFourWindingsPmConstVRItalyPssItalyTfo,generator_omegaRefPu_value,generator_terminal_V_re,generator_terminal_V_im,
GeneratorSynchronousFourWindingsPmConstVRNordic,generator_omegaRefPu_value,generator_terminal_V_re,generator_terminal_V_im,
GeneratorSynchronousFourWindingsPmConstVRNordicTfo,generator_omegaRefPu_value,generator_terminal_V_re,generator_terminal_V_im,
GeneratorSynchronousFourWindingsPmConstVRUnitrolChPss2a,generator_omegaRefPu_value,generator_terminal_V_re,generator_terminal_V_im,
GeneratorSynchronousFourWindingsPmConstVRUnitrolChPss2aTfo,generator_omegaRefPu_value,generator_terminal_V_re,generator_terminal_V_im,
GeneratorSynchronousFourWindingsProportionalRegulations,generator_omegaRefPu_value,generator_terminal_V_re,generator_terminal_V_im,
GeneratorSynchronousFourWindingsProportionalRegulationsInternalParameters,generator_omegaRefPu_value,generator_terminal_V_re,generator_terminal_V_im,
GeneratorSynchronousFourWindingsProportionalRegulationsQlimRpcl2TfoAuxUva,generator_omegaRefPu_value,generator_terminal_V_re,generator_terminal_V_im,reactivePowerControlLoop_areaActive_value|reactivePowerControlLoop_groupParticipating_value|reactivePowerControlLoop_levelK_value|reactivePowerControlLoop_levelKValid_value
GeneratorSynchronousFourWindingsProportionalRegulationsQlimRpcl2TfoUva,generator_omegaRefPu_value,generator_terminal_V_re,generator_terminal_V_im,reactivePowerControlLoop_areaActive_value|reactivePowerControlLoop_groupParticipating_value|reactivePowerControlLoop_levelK_value|reactivePowerControlLoop_levelKValid_value
GeneratorSynchronousFourWindingsProportionalRegulationsQlimRpcl2Uva,generator_omegaRefPu_value,generator_terminal_V_re,generator_terminal_V_im,reactivePowerControlLoop_areaActive_value|reactivePowerControlLoop_groupParticipating_value|reactivePowerControlLoop_levelK_value|reactivePowerControlLoop_levelKValid_value|underVoltageAutomaton_UMonitoredPu
GeneratorSynchronousFourWindingsProportionalRegulationsQlimRpclAuxUva,generator_omegaRefPu_value,generator_terminal_V_re,generator_terminal_V_im,reactivePowerControlLoop_areaActive_value|reactivePowerControlLoop_groupParticipating_value|reactivePowerControlLoop_levelK_value|reactivePowerControlLoop_levelKValid_value|underVoltageAutomaton_UMonitoredPu
GeneratorSynchronousFourWindingsProportionalRegulationsQlimRpclTfoAuxUva,generator_omegaRefPu_value,generator_terminal_V_re,generator_terminal_V_im,reactivePowerControlLoop_areaActive_value|reactivePowerControlLoop_groupParticipating_value|reactivePowerControlLoop_levelK_value|reactivePowerControlLoop_levelKValid_value
GeneratorSynchronousFourWindingsProportionalRegulationsQlimRpclTfoUva,generator_omegaRefPu_value,generator_terminal_V_re,generator_terminal_V_im,reactivePowerControlLoop_areaActive_value|reactivePowerControlLoop_groupParticipating_value|reactivePowerControlLoop_levelK_value|reactivePowerControlLoop_levelKValid_value
GeneratorSynchronousFourWindingsProportionalRegulationsQlimRpclUva,generator_omegaRefPu_value,generator_terminal_V_re,generator_terminal_V_im,reactivePowerControlLoop_areaActive_value|reactivePowerControlLoop_groupParticipating_value|reactivePowerControlLoop_levelK_value|reactivePowerControlLoop_levelKValid_value|underVoltageAutomaton_UMonitoredPu
GeneratorSynchronousFourWindingsProportionalRegulationsQlimTfoAuxUva,generator_omegaRefPu_value,generator_terminal_V_re,generator_terminal_V_im,
GeneratorSynchronousFourWindingsProportionalRegulationsQlimTfoUva,generator_omegaRefPu_value,generator_terminal_V_re,generator_terminal_V_im,
GeneratorSynchronousFourWindingsProportionalRegulationsQlimUva,generator_omegaRefPu_value,generator_terminal_V_re,generator_terminal_V_im,underVoltageAutomaton_UMonitoredPu
GeneratorSynchronousFourWindingsProportionalRegulationsRpcl2TfoAuxUva,generator_omegaRefPu_value,generator_terminal_V_re,generator_terminal_V_im,reactivePowerControlLoop_areaActive_value|reactivePowerControlLoop_groupParticipating_value|reactivePowerControlLoop_levelK_value|reactivePowerControlLoop_levelKValid_value
GeneratorSynchronousFourWindingsProportionalRegulationsRpcl2TfoUva,generator_omegaRefPu_value,generator_terminal_V_re,generator_terminal_V_im,reactivePowerControlLoop_areaActive_value|reactivePowerControlLoop_groupParticipating_value|reactivePowerControlLoop_levelK_value|reactivePowerControlLoop_levelKValid_value
GeneratorSynchronousFourWindingsProportionalRegulationsRpcl2Uva,generator_omegaRefPu_value,generator_terminal_V_re,generator_terminal_V_im,reactivePowerControlLoop_areaActive_value|reactivePowerControlLoop_groupParticipating_value|reactivePowerControlLoop_levelK_value|reactivePowerControlLoop_levelKValid_value|underVoltageAutomaton_UMonitoredPu
GeneratorSynchronousFourWindingsProportionalRegulationsRpclAuxUva,generator_omegaRefPu_value,generator_terminal_V_re,generator_terminal_V_im,reactivePowerControlLoop_areaActive_value|reactivePowerControlLoop_groupParticipating_value|reactivePowerControlLoop_levelK_value|reactivePowerControlLoop_levelKValid_value|underVoltageAutomaton_UMonitoredPu
GeneratorSynchronousFourWindingsProportionalRegulationsRpclTfoAuxUva,generator_omegaRefPu_value,generator_terminal_V_re,generator_terminal_V_im,reactivePowerControlLoop_areaActive_value|reactivePowerControlLoop_groupParticipating_value|reactivePowerControlLoop_levelK_value|reactivePowerControlLoop_levelKValid_value
GeneratorSynchronousFourWindingsProportionalRegulationsRpclTfoUva,generator_omegaRefPu_value,generator_terminal_V_re,generator_terminal_V_im,reactivePowerControlLoop_areaActive_value|reactivePowerControlLoop_groupParticipating_value|reactivePowerControlLoop_levelK_value|reactivePowerControlLoop_levelKValid_value
GeneratorSynchronousFourWindingsProportionalRegulationsRpclUva,generator_omegaRefPu_value,generator_terminal_V_re,generator_terminal_V_im,reactivePowerControlLoop_areaActive_value|reactivePowerControlLoop_groupParticipating_value|reactivePowerControlLoop_levelK_value|reactivePowerControlLoop_levelKValid_value|underVoltageAutomaton_UMonitoredPu
GeneratorSynchronousFourWindingsProportionalRegulationsTfoAuxUva,generator_omegaRefPu_value,generator_terminal_V_re,generator_terminal_V_im,
GeneratorSynchronousFourWindingsProportionalRegulationsTfoUva,generator_omegaRefPu_value,generator_terminal_V_re,generator_terminal_V_im,
GeneratorSynchronousFourWindingsProportionalRegulationsUva,generator_omegaRefPu_value,generator_terminal_V_re,generator_terminal_V_im,underVoltageAutomaton_UMonitoredPu
GeneratorSynchronousFourWindingsTGov1Dc1a,generator_omegaRefPu_value,generator_terminal_V_re,generator_terminal_V_im,
GeneratorSynchronousFourWindingsTGov1Dc1aTfo,generator_omegaRefPu_value,generator_terminal_V_re,generator_terminal_V_im,
GeneratorSynchronousFourWindingsTGov1ScrxSpain,generator_omegaRefPu_value,generator_terminal_V_re,generator_terminal_V_im,
GeneratorSynchronousFourWindingsTGov1ScrxSpainTfo,generator_omegaRefPu_value,generator_terminal_V_re,generator_terminal_V_im,
GeneratorSynchronousFourWindingsTGov1Sexs,governor_omegaRefPu,generator_terminal_V_re,generator_terminal_V_im,
GeneratorSynchronousFourWindingsTGov1SexsPss2a,generator_omegaRefPu_value,generator_terminal_V_re,generator_terminal_V_im,
GeneratorSynchronousFourWindingsTGov1VRBelgiumPssBelgium,generator_omegaRefPu_value,generator_terminal_V_re,generator_terminal_V_im,
GeneratorSynchronousFourWindingsTGov1VRBelgiumPssBelgiumTfo,generator_omegaRefPu_value,generator_terminal_V_re,generator_terminal_V_im,
GeneratorSynchronousFourWindingsTGov3IEEX2A,generator_omegaRefPu_value,generator_terminal_V_re,generator_terminal_V_im,
GeneratorSynchronousFourWindingsTGov3IEEX2ATfo,generator_omegaRefPu_value,generator_terminal_V_re,generator_terminal_V_im,
GeneratorSynchronousFourWindingsVRKundur,generator_omegaRefPu_value,generator_terminal_V_re,generator_terminal_V_im,
GeneratorSynchronousFourWindingsVRKundurPssKundur,generator_omegaRefPu_value,generator_terminal_V_re,generator_terminal_V_im,
GeneratorSynchronousProportionalRegulationsInternalParameters,generator_omegaRefPu_value,generator_terminal_V_re,generator_terminal_V_im,
GeneratorSynchronousThreeWindings,generator_omegaRefPu_value,generator_terminal_V_re,generator_terminal_V_im,
GeneratorSynchronousThreeWindingsGovHydro4St4b,generator_omegaRefPu_value,generator_terminal_V_re,generator_terminal_V_im,
GeneratorSynchronousThreeWindingsGoverAuguVRAugu,generator_omegaRefPu_value,generator_terminal_V_re,generator_terminal_V_im,
GeneratorSynchronousThreeWindingsGoverAuguVRAuguAuxTfo,generator_omegaRefPu_value,generator_terminal_V_re,generator_terminal_V_im,
GeneratorSynchronousThreeWindingsGoverAuguVRAuguTfo,generator_omegaRefPu_value,generator_terminal_V_re,generator_terminal_V_im,
GeneratorSynchronousThreeWindingsGoverCmConstVRHydrH,generator_omegaRefPu_value,generator_terminal_V_re,generator_terminal_V_im,
GeneratorSynchronousThreeWindingsGoverCmConstVRHydrHAuxTfo,generator_omegaRefPu_value,generator_terminal_V_re,generator_terminal_V_im,
GeneratorSynchronousThreeWindingsGoverCmConstVRHydrHTfo,generator_omegaRefPu_value,generator_terminal_V_re,generator_terminal_V_im,
GeneratorSynchronousThreeWindingsGoverCmConstVRRance,generator_omegaRefPu_value,generator_terminal_V_re,generator_terminal_V_im,
GeneratorSynchronousThreeWindingsGoverCmConstVRRanceAuxTfo,generator_omegaRefPu_value,generator_terminal_V_re,generator_terminal_V_im,
GeneratorSynchronousThreeWindingsGoverCmConstVRRanceTfo,generator_omegaRefPu_value,generator_terminal_V_re,generator_terminal_V_im,
GeneratorSynchronousThreeWindingsGoverEdfTurHcVRHydrH,generator_omegaRefPu_value,generator_terminal_V_re,generator_terminal_V_im,
GeneratorSynchronousThreeWindingsGoverEdfTurHcVRHydrHAuxTfo,generator_omegaRefPu_value,generator_terminal_V_re,generator_terminal_V_im,
GeneratorSynchronousThreeWindingsGoverEdfTurHcVRHydrHTfo,generator_omegaRefPu_value,generator_terminal_V_re,generator_terminal_V_im,
GeneratorSynchronousThreeWindingsGoverGeVRAmfa,generator_omegaRefPu_value,generator_terminal_V_re,generator_terminal_V_im,
GeneratorSynchronousThreeWindingsGoverGeVRAmfaAuxTfo,generator_omegaRefPu_value,generator_terminal_V_re,generator_terminal_V_im,
GeneratorSynchronousThreeWindingsGoverGeVRAmfaTfo,generator_omegaRefPu_value,generator_terminal_V_re,generator_terminal_V_im,
GeneratorSynchronousThreeWindingsGoverGeVRGues,generator_omegaRefPu_value,generator_terminal_V_re,generator_terminal_V_im,
GeneratorSynchronousThreeWindingsGoverGeVRGuesAuxTfo,generator_omegaRefPu_value,generator_terminal_V_re,generator_terminal_V_im,
GeneratorSynchronousThreeWindingsGoverGeVRGuesTfo,generator_omegaRefPu_value,generator_terminal_V_re,generator_terminal_V_im,
GeneratorSynchronousThreeWindingsGoverHydAVROrder0,generator_omegaRefPu_value,generator_terminal_V_re,generator_terminal_V_im,
GeneratorSynchronousThreeWindingsGoverHydAVROrder0AuxTfo,generator_omegaRefPu_value,generator_terminal_V_re,generator_terminal_V_im,
GeneratorSynchronousThreeWindingsGoverHydAVROrder0Tfo,generator_omegaRefPu_value,generator_terminal_V_re,generator_terminal_V_im,
GeneratorSynchronousThreeWindingsGoverHydPidVRIeeeSt1a,generator_omegaRefPu_value,generator_terminal_V_re,generator_terminal_V_im,
GeneratorSynchronousThreeWindingsGoverHydPidVRIeeeSt1aAuxTfo,generator_omegaRefPu_value,generator_terminal_V_re,generator_terminal_V_im,
GeneratorSynchronousThreeWindingsGoverHydPidVRIeeeSt1aTfo,generator_omegaRefPu_value,generator_terminal_V_re,generator_terminal_V_im,
GeneratorSynchronousThreeWindingsGoverItalyHyVRItalyPssItaly,generator_omegaRefPu_value,generator_terminal_V_re,generator_terminal_V_im,
GeneratorSynchronousThreeWindingsGoverItalyHyVRItalyPssItalyTfo,generator_omegaRefPu_value,generator_terminal_V_re,generator_terminal_V_im,
GeneratorSynchronousThreeWindingsGoverItalyThVRItalyPssItaly,generator_omegaRefPu_value,generator_terminal_V_re,generator_terminal_V_im,
GeneratorSynchronousThreeWindingsGoverItalyThVRItalyPssItalyTfo,generator_omegaRefPu_value,generator_terminal_V_re,generator_terminal_V_im,
GeneratorSynchronousThreeWindingsGoverNordicVRNordic,generator_omegaRefPu_value,generator_terminal_V_re,generator_terminal_V_im,
GeneratorSynchronousThreeWindingsGoverNordicVRNordicTfo,generator_omegaRefPu_value,generator_terminal_V_re,generator_terminal_V_im,
GeneratorSynchronousThreeWindingsGoverPjVRGmr3a,generator_omegaRefPu_value,generator_terminal_V_re,generator_terminal_V_im,
GeneratorSynchronousThreeWindingsGoverPjVRGmr3aAuxTfo,generator_omegaRefPu_value,generator_terminal_V_re,generator_terminal_V_im,
GeneratorSynchronousThreeWindingsGoverPjVRGmr3aTfo,generator_omegaRefPu_value,generator_terminal_V_re,generator_terminal_V_im,
GeneratorSynchronousThreeWindingsGoverPropVRPropInt,generator_omegaRefPu_value,generator_terminal_V_re,generator_terminal_V_im,
GeneratorSynchronousThreeWindingsGoverPropVRPropIntAuxUva,generator_omegaRefPu_value,generator_terminal_V_re,generator_terminal_V_im,underVoltageAutomaton_UMonitoredPu
GeneratorSynchronousThreeWindingsGoverPropVRPropIntQlimAuxUva,generator_omegaRefPu_value,generator_terminal_V_re,generator_terminal_V_im,underVoltageAutomaton_UMonitoredPu
GeneratorSynchronousThreeWindingsGoverPropVRPropIntQlimRpcl2AuxUva,generator_omegaRefPu_value,generator_terminal_V_re,generator_terminal_V_im,reactivePowerControlLoop_areaActive_value|reactivePowerControlLoop_groupParticipating_value|reactivePowerControlLoop_levelK_value|reactivePowerControlLoop_levelKValid_value|underVoltageAutomaton_UMonitoredPu
GeneratorSynchronousThreeWindingsGoverPropVRPropIntQlimRpcl2TfoAuxUva,generator_omegaRefPu_value,generator_terminal_V_re,generator_terminal_V_im,reactivePowerControlLoop_areaActive_value|reactivePowerControlLoop_groupParticipating_value|reactivePowerControlLoop_levelK_value|reactivePowerControlLoop_levelKValid_value
GeneratorSynchronousThreeWindingsGoverPropVRPropIntQlimRpcl2TfoUva,generator_omegaRefPu_value,generator_terminal_V_re,generator_terminal_V_im,reactivePowerControlLoop_areaActive_value|reactivePowerControlLoop_groupParticipating_value|reactivePowerControlLoop_levelK_value|reactivePowerControlLoop_levelKValid_value
GeneratorSynchronousThreeWindingsGoverPropVRPropIntQlimRpcl2Uva,generator_omegaRefPu_value,generator_terminal_V_re,generator_terminal_V_im,reactivePowerControlLoop_areaActive_value|reactivePowerControlLoop_groupParticipating_value|reactivePowerControlLoop_levelK_value|reactivePowerControlLoop_levelKValid_value|underVoltageAutomaton_UMonitoredPu
GeneratorSynchronousThreeWindingsGoverPropVRPropIntQlimRpclTfoAuxUva,generator_omegaRefPu_value,generator_terminal_V_re,generator_terminal_V_im,reactivePowerControlLoop_areaActive_value|reactivePowerControlLoop_groupParticipating_value|reactivePowerControlLoop_levelK_value|reactivePowerControlLoop_levelKValid_value
GeneratorSynchronousThreeWindingsGoverPropVRPropIntQlimRpclTfoUva,generator_omegaRefPu_value,generator_terminal_V_re,generator_terminal_V_im,reactivePowerControlLoop_areaActive_value|reactivePowerControlLoop_groupParticipating_value|reactivePowerControlLoop_levelK_value|reactivePowerControlLoop_levelKValid_value
GeneratorSynchronousThreeWindingsGoverPropVRPropIntQlimRpclUva,generator_omegaRefPu_value,generator_terminal_V_re,generator_terminal_V_im,reactivePowerControlLoop_areaActive_value|reactivePowerControlLoop_groupParticipating_value|reactivePowerControlLoop_levelK_value|reactivePowerControlLoop_levelKValid_value|underVoltageAutomaton_UMonitoredPu
GeneratorSynchronousThreeWindingsGoverPropVRPropIntQlimTfoAuxUva,generator_omegaRefPu_value,generator_terminal_V_re,generator_terminal_V_im,
GeneratorSynchronousThreeWindingsGoverPropVRPropIntQlimTfoUva,generator_omegaRefPu_value,generator_terminal_V_re,generator_terminal_V_im,
GeneratorSynchronousThreeWindingsGoverPropVRPropIntQlimUva,generator_omegaRefPu_value,generator_terminal_V_re,generator_terminal_V_im,underVoltageAutomaton_UMonitoredPu
GeneratorSynchronousThreeWindingsGoverPropVRPropIntRpcl2AuxUva,generator_omegaRefPu_value,generator_terminal_V_re,generator_terminal_V_im,reactivePowerControlLoop_areaActive_value|reactivePowerControlLoop_groupParticipating_value|reactivePowerControlLoop_levelK_value|reactivePowerControlLoop_levelKValid_value|underVoltageAutomaton_UMonitoredPu
GeneratorSynchronousThreeWindingsGoverPropVRPropIntRpcl2TfoAuxUva,generator_omegaRefPu_value,generator_terminal_V_re,generator_terminal_V_im,reactivePowerControlLoop_areaActive_value|reactivePowerControlLoop_groupParticipating_value|reactivePowerControlLoop_levelK_value|reactivePowerControlLoop_levelKValid_value
GeneratorSynchronousThreeWindingsGoverPropVRPropIntRpcl2TfoUva,generator_omegaRefPu_value,generator_terminal_V_re,generator_terminal_V_im,reactivePowerControlLoop_areaActive_value|reactivePowerControlLoop_groupParticipating_value|reactivePowerControlLoop_levelK_value|reactivePowerControlLoop_levelKValid_value
GeneratorSynchronousThreeWindingsGoverPropVRPropIntRpcl2Uva,generator_omegaRefPu_value,generator_terminal_V_re,generator_terminal_V_im,reactivePowerControlLoop_areaActive_value|reactivePowerControlLoop_groupParticipating_value|reactivePowerControlLoop_levelK_value|reactivePowerControlLoop_levelKValid_value|underVoltageAutomaton_UMonitoredPu
GeneratorSynchronousThreeWindingsGoverPropVRPropIntRpclTfoAuxUva,generator_omegaRefPu_value,generator_terminal_V_re,generator_terminal_V_im,reactivePowerControlLoop_areaActive_value|reactivePowerControlLoop_groupParticipating_value|reactivePowerControlLoop_levelK_value|reactivePowerControlLoop_levelKValid_value
GeneratorSynchronousThreeWindingsGoverPropVRPropIntRpclTfoUva,generator_omegaRefPu_value,generator_terminal_V_re,generator_terminal_V_im,reactivePowerControlLoop_areaActive_value|reactivePowerControlLoop_groupParticipating_value|reactivePowerControlLoop_levelK_value|reactivePowerControlLoop_levelKValid_value
GeneratorSynchronousThreeWindingsGoverPropVRPropIntRpclUva,generator_omegaRefPu_value,generator_terminal_V_re,generator_terminal_V_im,reactivePowerControlLoop_areaActive_value|reactivePowerControlLoop_groupParticipating_value|reactivePowerControlLoop_levelK_value|reactivePowerControlLoop_levelKValid_value|underVoltageAutomaton_UMonitoredPu
GeneratorSynchronousThreeWindingsGoverPropVRPropIntTfoAuxUva,generator_omegaRefPu_value,generator_terminal_V_re,generator_terminal_V_im,
GeneratorSynchronousThreeWindingsGoverPropVRPropIntTfoUva,generator_omegaRefPu_value,transformer_terminal1_V_re,transformer_terminal1_V_im,
GeneratorSynchronousThreeWindingsGoverPropVRPropIntUva,generator_omegaRefPu_value,generator_terminal_V_re,generator_terminal_V_im,underVoltageAutomaton_UMonitoredPu
GeneratorSynchronousThreeWindingsGoverSt1VRUnitrol,generator_omegaRefPu_value,generator_terminal_V_re,generator_terminal_V_im,
GeneratorSynchronousThreeWindingsGoverSt1VRUnitrolAuxTfo,generator_omegaRefPu_value,generator_terminal_V_re,generator_terminal_V_im,
GeneratorSynchronousThreeWindingsGoverSt1VRUnitrolTfo,generator_omegaRefPu_value,generator_terminal_V_re,generator_terminal_V_im,
GeneratorSynchronousThreeWindingsHyGovBbSex1,generator_omegaRefPu_value,generator_terminal_V_re,generator_terminal_V_im,
GeneratorSynchronousThreeWindingsHyGovBbSex1Tfo,generator_omegaRefPu_value,generator_terminal_V_re,generator_terminal_V_im,
GeneratorSynchronousThreeWindingsHyGovScrx,generator_omegaRefPu_value,generator_terminal_V_re,generator_terminal_V_im,
GeneratorSynchronousThreeWindingsHyGovScrxSpain,generator_omegaRefPu_value,generator_terminal_V_re,generator_terminal_V_im,
GeneratorSynchronousThreeWindingsHyGovScrxSpainTfo,generator_omegaRefPu_value,generator_terminal_V_re,generator_terminal_V_im,
GeneratorSynchronousThreeWindingsHyGovScrxTfo,generator_omegaRefPu_value,generator_terminal_V_re,generator_terminal_V_im,
GeneratorSynchronousThreeWindingsHyGovVRBelgium,generator_omegaRefPu_value,generator_terminal_V_re,generator_terminal_V_im,
GeneratorSynchronousThreeWindingsHyGovVRBelgiumPssBelgium,generator_omegaRefPu_value,generator_terminal_V_re,generator_terminal_V_im,
GeneratorSynchronousThreeWindingsHyGovVRBelgiumPssBelgiumTfo,generator_omegaRefPu_value,generator_terminal_V_re,generator_terminal_V_im,
GeneratorSynchronousThreeWindingsHyGovVRBelgiumTfo,generator_omegaRefPu_value,generator_terminal_V_re,generator_terminal_V_im,
GeneratorSynchronousThreeWindingsIEEEG2BbSex1,generator_omegaRefPu_value,generator_terminal_V_re,generator_terminal_V_im,
GeneratorSynchronousThreeWindingsIEEEG2BbSex1Tfo,generator_omegaRefPu_value,generator_terminal_V_re,generator_terminal_V_im,
GeneratorSynchronousThreeWindingsIeeeG1IeeeT1,generator_omegaRefPu_value,generator_terminal_V_re,generator_terminal_V_im,
GeneratorSynchronousThreeWindingsIeeeG1IeeeT1Tfo,generator_omegaRefPu_value,generator_terminal_V_re,generator_terminal_V_im,
GeneratorSynchronousThreeWindingsIeeeG1Scrx,generator_omegaRefPu_value,generator_terminal_V_re,generator_terminal_V_im,
GeneratorSynchronousThreeWindingsIeeeG1ScrxTfo,generator_omegaRefPu_value,generator_terminal_V_re,generator_terminal_V_im,
GeneratorSynchronousThreeWindingsPmConstExAc1,generator_omegaRefPu_value,generator_terminal_V_re,generator_terminal_V_im,
GeneratorSynchronousThreeWindingsPmConstExAc1Tfo,generator_omegaRefPu_value,generator_terminal_V_re,generator_terminal_V_im,
GeneratorSynchronousThreeWindingsPmConstScrx,generator_omegaRefPu_value,generator_terminal_V_re,generator_terminal_V_im,
GeneratorSynchronousThreeWindingsPmConstScrxTfo,generator_omegaRefPu_value,generator_terminal_V_re,generator_terminal_V_im,
GeneratorSynchronousThreeWindingsPmConstVRContro,generator_omegaRefPu_value,generator_terminal_V_re,generator_terminal_V_im,
GeneratorSynchronousThreeWindingsPmConstVRControAuxTfo,generator_omegaRefPu_value,generator_terminal_V_re,generator_terminal_V_im,
GeneratorSynchronousThreeWindingsPmConstVRControTfo,generator_omegaRefPu_value,generator_terminal_V_re,generator_terminal_V_im,
GeneratorSynchronousThreeWindingsPmConstVRItalyPssItaly,generator_omegaRefPu_value,generator_terminal_V_re,generator_terminal_V_im,
GeneratorSynchronousThreeWindingsPmConstVRItalyPssItalyTfo,generator_omegaRefPu_value,generator_terminal_V_re,generator_terminal_V_im,
GeneratorSynchronousThreeWindingsPmConstVRNordic,generator_omegaRefPu_value,generator_terminal_V_re,generator_terminal_V_im,
GeneratorSynchronousThreeWindingsPmConstVRNordicTfo,generator_omegaRefPu_value,generator_terminal_V_re,generator_terminal_V_im,
GeneratorSynchronousThreeWindingsProportionalRegulations,generator_omegaRefPu_value,generator_terminal_V_re,generator_terminal_V_im,
GeneratorSynchronousThreeWindingsProportionalRegulationsAuxUva,generator_omegaRefPu_value,coupling_terminal1_V_re,coupling_terminal1_V_im,underVoltageAutomaton_UMonitoredPu
GeneratorSynchronousThreeWindingsProportionalRegulationsQlimAuxUva,generator_omegaRefPu_value,generator_terminal_V_re,generator_terminal_V_im,underVoltageAutomaton_UMonitoredPu
GeneratorSynchronousThreeWindingsProportionalRegulationsQlimRpcl2TfoAuxUva,generator_omegaRefPu_value,generator_terminal_V_re,generator_terminal_V_im,reactivePowerControlLoop_areaActive_value|reactivePowerControlLoop_groupParticipating_value|reactivePowerControlLoop_levelK_value|reactivePowerControlLoop_levelKValid_value
GeneratorSynchronousThreeWindingsProportionalRegulationsQlimRpcl2TfoUva,generator_omegaRefPu_value,generator_terminal_V_re,generator_terminal_V_im,reactivePowerControlLoop_areaActive_value|reactivePowerControlLoop_groupParticipating_value|reactivePowerControlLoop_levelK_value|reactivePowerControlLoop_levelKValid_value
GeneratorSynchronousThreeWindingsProportionalRegulationsQlimRpcl2Uva,generator_omegaRefPu_value,generator_terminal_V_re,generator_terminal_V_im,reactivePowerControlLoop_areaActive_value|reactivePowerControlLoop_groupParticipating_value|reactivePowerControlLoop_levelK_value|reactivePowerControlLoop_levelKValid_value|underVoltageAutomaton_UMonitoredPu
GeneratorSynchronousThreeWindingsProportionalRegulationsQlimRpclTfoAuxUva,generator_omegaRefPu_value,generator_terminal_V_re,generator_terminal_V_im,reactivePowerControlLoop_areaActive_value|reactivePowerControlLoop_groupParticipating_value|reactivePowerControlLoop_levelK_value|reactivePowerControlLoop_levelKValid_value
GeneratorSynchronousThreeWindingsProportionalRegulationsQlimRpclTfoUva,generator_omegaRefPu_value,generator_terminal_V_re,generator_terminal_V_im,reactivePowerControlLoop_areaActive_value|reactivePowerControlLoop_groupParticipating_value|reactivePowerControlLoop_levelK_value|reactivePowerControlLoop_levelKValid_value
GeneratorSynchronousThreeWindingsProportionalRegulationsQlimRpclUva,generator_omegaRefPu_value,generator_terminal_V_re,generator_terminal_V_im,reactivePowerControlLoop_areaActive_value|reactivePowerControlLoop_groupParticipating_value|reactivePowerControlLoop_levelK_value|reactivePowerControlLoop_levelKValid_value|underVoltageAutomaton_UMonitoredPu
GeneratorSynchronousThreeWindingsProportionalRegulationsQlimTfoAuxUva,generator_omegaRefPu_value,generator_terminal_V_re,generator_terminal_V_im,
GeneratorSynchronousThreeWindingsProportionalRegulationsQlimTfoUva,generator_omegaRefPu_value,generator_terminal_V_re,generator_terminal_V_im,
GeneratorSynchronousThreeWindingsProportionalRegulationsQlimUva,generator_omegaRefPu_value,generator_terminal_V_re,generator_terminal_V_im,underVoltageAutomaton_UMonitoredPu
GeneratorSynchronousThreeWindingsProportionalRegulationsRpcl2TfoAuxUva,generator_omegaRefPu_value,generator_terminal_V_re,generator_terminal_V_im,reactivePowerControlLoop_areaActive_value|reactivePowerControlLoop_groupParticipating_value|reactivePowerControlLoop_levelK_value|reactivePowerControlLoop_levelKValid_value
GeneratorSynchronousThreeWindingsProportionalRegulationsRpcl2TfoUva,generator_omegaRefPu_value,generator_terminal_V_re,generator_terminal_V_im,reactivePowerControlLoop_areaActive_value|reactivePowerControlLoop_groupParticipating_value|reactivePowerControlLoop_levelK_value|reactivePowerControlLoop_levelKValid_value
GeneratorSynchronousThreeWindingsProportionalRegulationsRpcl2Uva,generator_omegaRefPu_value,generator_terminal_V_re,generator_terminal_V_im,reactivePowerControlLoop_areaActive_value|reactivePowerControlLoop_groupParticipating_value|reactivePowerControlLoop_levelK_value|reactivePowerControlLoop_levelKValid_value|underVoltageAutomaton_UMonitoredPu
GeneratorSynchronousThreeWindingsProportionalRegulationsRpclTfoAuxUva,generator_omegaRefPu_value,generator_terminal_V_re,generator_terminal_V_im,reactivePowerControlLoop_areaActive_value|reactivePowerControlLoop_groupParticipating_value|reactivePowerControlLoop_levelK_value|reactivePowerControlLoop_levelKValid_value
GeneratorSynchronousThreeWindingsProportionalRegulationsRpclTfoUva,generator_omegaRefPu_value,generator_terminal_V_re,generator_terminal_V_im,reactivePowerControlLoop_areaActive_value|reactivePowerControlLoop_groupParticipating_value|reactivePowerControlLoop_levelK_value|reactivePowerControlLoop_levelKValid_value
GeneratorSynchronousThreeWindingsProportionalRegulationsRpclUva,generator_omegaRefPu_value,generator_terminal_V_re,generator_terminal_V_im,reactivePowerControlLoop_areaActive_value|reactivePowerControlLoop_groupParticipating_value|reactivePowerControlLoop_levelK_value|reactivePowerControlLoop_levelKValid_value|underVoltageAutomaton_UMonitoredPu
GeneratorSynchronousThreeWindingsProportionalRegulationsTfoAuxUva,generator_omegaRefPu_value,coupling_terminal1_V_re,coupling_terminal1_V_im,
GeneratorSynchronousThreeWindingsProportionalRegulationsTfoUva,generator_omegaRefPu_value,transformer_terminal1_V_re,transformer_terminal1_V_im,
GeneratorSynchronousThreeWindingsProportionalRegulationsUva,generator_omegaRefPu_value,generator_terminal_V_re,generator_terminal_V_im,underVoltageAutomaton_UMonitoredPu
GeneratorSynchronousThreeWindingsTGov3VRBelgium,generator_omegaRefPu_value,generator_terminal_V_re,generator_terminal_V_im,
GeneratorSynchronousThreeWindingsTGov3VRBelgiumPssBelgium,generator_omegaRefPu_value,generator_terminal_V_re,generator_terminal_V_im,
GeneratorSynchronousThreeWindingsTGov3VRBelgiumPssBelgiumTfo,generator_omegaRefPu_value,generator_terminal_V_re,generator_terminal_V_im,
GeneratorSynchronousThreeWindingsTGov3VRBelgiumTfo,generator_omegaRefPu_value,generator_terminal_V_re,generator_terminal_V_im,
IECWPP4ACurrentSource2015,WPP_omegaRefPu,WPP_terminal_V_re,WPP_terminal_V_im,
IECWPP4ACurrentSource2020,WPP_omegaRefPu,WPP_terminal_V_re,WPP_terminal_V_im,
IECWPP4BCurrentSource2015,WPP_omegaRefPu,WPP_terminal_V_re,WPP_terminal_V_im,
IECWPP4BCurrentSource2020,WPP_omegaRefPu,WPP_terminal_V_re,WPP_terminal_V_im,
PhotovoltaicsWeccCurrentSourceB,photovoltaics_omegaRefPu,photovoltaics_terminal_V_re,photovoltaics_terminal_V_im,
PhotovoltaicsWeccVoltageSourceA,photovoltaics_omegaRefPu,photovoltaics_terminal_V_re,photovoltaics_terminal_V_im,
PhotovoltaicsWeccVoltageSourceB,photovoltaics_omegaRefPu,photovoltaics_terminal_V_re,photovoltaics_terminal_V_im,
WTG4AWeccCurrentSource,WTG4A_omegaRefPu,WTG4A_terminal_V_re,WTG4A_terminal_V_im,
WTG4BWeccCurrentSource,WTG4B_omegaRefPu,WTG4B_terminal_V_re,WTG4B_terminal_V_im,
